n,clip,cond,kind,seed,score,prompt,penisRest,penisFirst,penisMotion,hand,buttocks,between,penisBack,join,likeness,notes,file,ratedAt
1,C0-P1-1351805226,C0,at rest,1351805226,5,yes,right,,,,,,,,yes,,nsfw-C0-P1-1351805226_00001_.mp4,2026-09-22T11:08:06Z
2,C0-P1-20260919,C0,at rest,20260919,5,yes,right,,,,,,,,yes,,nsfw-C0-P1-20260919_00001_.mp4,2026-09-22T11:08:06Z
3,C0-P2-1351805226,C0,solo,1351805226,2,yes,,right,wrong,right,,,,,yes,,nsfw-C0-P2-1351805226_00001_.mp4,2026-09-22T11:08:06Z
4,C0-P2-20260919,C0,solo,20260919,2,yes,,right,wrong,right,,,,,yes,,nsfw-C0-P2-20260919_00001_.mp4,2026-09-22T11:08:06Z
5,C0-P2-424242,C0,solo,424242,2,yes,,right,wrong,right,,,,,yes,,nsfw-C0-P2-424242_00001_.mp4,2026-09-22T11:08:06Z
6,C0-P2-8675309,C0,solo,8675309,2,yes,,right,wrong,right,,,,,yes,,nsfw-C0-P2-8675309_00001_.mp4,2026-09-22T11:08:06Z
7,C0-P3-31337,C0,buttocks,31337,2,yes,,,,,right,wrong,right,,yes,,nsfw-C0-P3-31337_00001_.mp4,2026-09-22T11:08:06Z
8,C0-P3-424242,C0,buttocks,424242,4,yes,,,,,right,right,right,,yes,,nsfw-C0-P3-424242_00001_.mp4,2026-09-22T11:08:06Z
9,C0-P3-8675309,C0,buttocks,8675309,5,yes,,,,,right,right,right,,yes,,nsfw-C0-P3-8675309_00001_.mp4,2026-09-22T11:08:06Z
10,C1-P1-1351805226,C1,at rest,1351805226,5,yes,right,,,,,,,,yes,,nsfw-C1-P1-1351805226_00001_.mp4,2026-09-22T11:08:06Z
11,C1-P1-20260919,C1,at rest,20260919,5,yes,right,,,,,,,,yes,,nsfw-C1-P1-20260919_00001_.mp4,2026-09-22T11:08:06Z
12,C1-P2-1351805226,C1,solo,1351805226,3,yes,,right,wrong,minor,,,,,yes,,nsfw-C1-P2-1351805226_00001_.mp4,2026-09-22T11:08:06Z
13,C1-P2-20260919,C1,solo,20260919,5,yes,,right,right,right,,,,,yes,,nsfw-C1-P2-20260919_00001_.mp4,2026-09-22T11:08:06Z
14,C1-P2-424242,C1,solo,424242,3,yes,,right,minor,right,,,,,yes,,nsfw-C1-P2-424242_00001_.mp4,2026-09-22T11:08:06Z
15,C1-P2-777,C1,solo,777,4,yes,,right,right,right,,,,,yes,,nsfw-C1-P2-777_00001_.mp4,2026-09-22T11:08:06Z
16,C1-P2-8675309,C1,solo,8675309,2,yes,,minor,minor,minor,,,,,yes,,nsfw-C1-P2-8675309_00001_.mp4,2026-09-22T11:08:06Z
17,C1-P3-31337,C1,buttocks,31337,4,yes,,,,,right,right,right,,yes,,nsfw-C1-P3-31337_00001_.mp4,2026-09-22T11:08:06Z
18,C1-P3-424242,C1,buttocks,424242,2,yes,,,,,right,wrong,minor,,yes,,nsfw-C1-P3-424242_00001_.mp4,2026-09-22T11:08:06Z
19,C1-P3-8675309,C1,buttocks,8675309,4,yes,,,,,right,right,right,,yes,,nsfw-C1-P3-8675309_00001_.mp4,2026-09-22T11:08:06Z
20,C2v1-P1-1351805226,C2v1,at rest,1351805226,5,yes,right,,,,,,,,yes,,nsfw-C2v1-P1-1351805226_00001_.mp4,2026-09-22T11:08:06Z
21,C2v1-P1-20260919,C2v1,at rest,20260919,2,partly,minor,,,,,,,,yes,,nsfw-C2v1-P1-20260919_00001_.mp4,2026-09-22T11:08:06Z
22,C2v1-P2-1351805226,C2v1,solo,1351805226,4,yes,,right,minor,right,,,,,yes,,nsfw-C2v1-P2-1351805226_00001_.mp4,2026-09-22T11:08:06Z
23,C2v1-P2-20260919,C2v1,solo,20260919,3,yes,,right,minor,minor,,,,,yes,,nsfw-C2v1-P2-20260919_00001_.mp4,2026-09-22T11:08:06Z
24,C2v1-P2-424242,C2v1,solo,424242,2,yes,,minor,minor,minor,,,,,yes,,nsfw-C2v1-P2-424242_00001_.mp4,2026-09-22T11:08:06Z
25,C2v1-P2-8675309,C2v1,solo,8675309,2,yes,,wrong,wrong,wrong,,,,,yes,,nsfw-C2v1-P2-8675309_00001_.mp4,2026-09-22T11:08:06Z
26,C2v1-P3-31337,C2v1,buttocks,31337,4,yes,,,,,right,right,right,,yes,,nsfw-C2v1-P3-31337_00001_.mp4,2026-09-22T11:08:06Z
27,C2v1-P3-424242,C2v1,buttocks,424242,3,yes,,,,,right,minor,right,,yes,,nsfw-C2v1-P3-424242_00001_.mp4,2026-09-22T11:08:06Z
28,C2v1-P3-8675309,C2v1,buttocks,8675309,2,yes,,,,,right,right,right,,yes,One his legs went transparent briefly when he turned around to show his buttocks,nsfw-C2v1-P3-8675309_00001_.mp4,2026-09-22T11:08:06Z
29,C3-P1-1351805226,C3,at rest,1351805226,4,partly,right,,,,,,,,yes,The dick move up and down as if we was controlling the erection intentionally.. not sure if that was the kind of dick movement you were looking for as apart of this prompt,nsfw-C3-P1-1351805226_00001_.mp4,2026-09-22T11:08:06Z
30,C3-P1-20260919,C3,at rest,20260919,4,yes,right,,,,,,,,yes,,nsfw-C3-P1-20260919_00001_.mp4,2026-09-22T11:08:06Z
31,C3-P2-1351805226,C3,solo,1351805226,1,yes,,minor,wrong,wrong,,,,,yes,,nsfw-C3-P2-1351805226_00001_.mp4,2026-09-22T11:08:06Z
32,C3-P2-20260919,C3,solo,20260919,2,yes,,right,minor,wrong,,,,,yes,,nsfw-C3-P2-20260919_00001_.mp4,2026-09-22T11:08:06Z
33,C3-P2-424242,C3,solo,424242,2,yes,,minor,wrong,wrong,,,,,yes,,nsfw-C3-P2-424242_00001_.mp4,2026-09-22T11:08:06Z
34,C3-P2-8675309,C3,solo,8675309,1,yes,,minor,wrong,wrong,,,,,yes,,nsfw-C3-P2-8675309_00001_.mp4,2026-09-22T11:08:06Z
35,C3-P3-31337,C3,buttocks,31337,2,yes,,,,,minor,minor,minor,,yes,,nsfw-C3-P3-31337_00001_.mp4,2026-09-22T11:08:06Z
36,C3-P3-424242,C3,buttocks,424242,2,yes,,,,,wrong,wrong,wrong,,yes,,nsfw-C3-P3-424242_00001_.mp4,2026-09-22T11:08:06Z
37,C3-P3-8675309,C3,buttocks,8675309,1,partly,,,,,wrong,wrong,wrong,,yes,,nsfw-C3-P3-8675309_00001_.mp4,2026-09-22T11:08:06Z
38,C4-P1-1351805226,C4,at rest,1351805226,5,yes,right,,,,,,,,yes,,nsfw-C4-P1-1351805226_00001_.mp4,2026-09-22T11:08:06Z
39,C4-P1-20260919,C4,at rest,20260919,3,yes,minor,,,,,,,,yes,,nsfw-C4-P1-20260919_00001_.mp4,2026-09-22T11:08:06Z
40,C4-P2-1351805226,C4,solo,1351805226,4,yes,,right,right,minor,,,,,yes,,nsfw-C4-P2-1351805226_00001_.mp4,2026-09-22T11:08:06Z
41,C4-P2-20260919,C4,solo,20260919,4,yes,,right,right,minor,,,,,yes,,nsfw-C4-P2-20260919_00001_.mp4,2026-09-22T11:08:06Z
42,C4-P2-424242,C4,solo,424242,5,yes,,right,right,right,,,,,yes,,nsfw-C4-P2-424242_00001_.mp4,2026-09-22T11:08:06Z
43,C4-P2-8675309,C4,solo,8675309,3,yes,,minor,minor,minor,,,,,yes,,nsfw-C4-P2-8675309_00001_.mp4,2026-09-22T11:08:06Z
44,C4-P3-31337,C4,buttocks,31337,4,yes,,,,,right,right,right,,yes,,nsfw-C4-P3-31337_00001_.mp4,2026-09-22T11:08:06Z
45,C4-P3-424242,C4,buttocks,424242,2,yes,,,,,right,wrong,right,,yes,the gole of the bottocks look wrong,nsfw-C4-P3-424242_00001_.mp4,2026-09-22T11:08:06Z
46,C4-P3-8675309,C4,buttocks,8675309,5,yes,,,,,right,right,right,,yes,,nsfw-C4-P3-8675309_00001_.mp4,2026-09-22T11:08:06Z
47,C5-P1-1351805226,C5,at rest,1351805226,5,yes,right,,,,,,,,yes,,nsfw-C5-P1-1351805226_00001_.mp4,2026-09-22T11:08:06Z
48,C5-P1-20260919,C5,at rest,20260919,5,yes,right,,,,,,,,yes,,nsfw-C5-P1-20260919_00001_.mp4,2026-09-22T11:08:06Z
49,C5-P2-1351805226,C5,solo,1351805226,2,yes,,wrong,minor,minor,,,,,yes,,nsfw-C5-P2-1351805226_00001_.mp4,2026-09-22T11:08:06Z
50,C5-P2-20260919,C5,solo,20260919,2,yes,,right,wrong,right,,,,,yes,,nsfw-C5-P2-20260919_00001_.mp4,2026-09-22T11:08:06Z
51,C5-P2-424242,C5,solo,424242,2,yes,,right,wrong,minor,,,,,yes,,nsfw-C5-P2-424242_00001_.mp4,2026-09-22T11:08:06Z
52,C5-P2-8675309,C5,solo,8675309,1,yes,,right,wrong,minor,,,,,yes,,nsfw-C5-P2-8675309_00001_.mp4,2026-09-22T11:08:06Z
53,C5-P3-31337,C5,buttocks,31337,4,yes,,,,,right,right,right,,yes,,nsfw-C5-P3-31337_00001_.mp4,2026-09-22T11:08:06Z
54,C5-P3-424242,C5,buttocks,424242,4,yes,,,,,right,right,right,,yes,,nsfw-C5-P3-424242_00001_.mp4,2026-09-22T11:08:06Z
55,C5-P3-8675309,C5,buttocks,8675309,4,yes,,,,,right,right,right,,yes,,nsfw-C5-P3-8675309_00001_.mp4,2026-09-22T11:08:06Z
56,C6-P2-1351805226,C6,solo,1351805226,1,yes,,wrong,wrong,wrong,,,,,yes,,nsfw-C6-P2-1351805226_00001_.mp4,2026-09-22T11:08:06Z
57,C6-P2-20260919,C6,solo,20260919,1,yes,,wrong,wrong,wrong,,,,,yes,,nsfw-C6-P2-20260919_00001_.mp4,2026-09-22T11:08:06Z
58,C6-P2-424242,C6,solo,424242,1,yes,,wrong,wrong,wrong,,,,,yes,,nsfw-C6-P2-424242_00001_.mp4,2026-09-22T11:08:06Z
59,C6-P2-8675309,C6,solo,8675309,2,yes,,minor,minor,wrong,,,,,,,nsfw-C6-P2-8675309_00001_.mp4,2026-09-22T11:08:06Z
60,C6-P3-31337,C6,buttocks,31337,2,partly,,,,,minor,minor,minor,,yes,,nsfw-C6-P3-31337_00001_.mp4,2026-09-22T11:10:43Z
61,C6-P3-424242,C6,buttocks,424242,3,yes,,,,,right,right,right,,drifted,,nsfw-C6-P3-424242_00001_.mp4,2026-09-22T11:11:18Z
62,C6-P3-8675309,C6,buttocks,8675309,1,no,,,,,wrong,wrong,wrong,,lost,,nsfw-C6-P3-8675309_00001_.mp4,2026-09-22T11:11:40Z
63,C7-P1-1351805226,C7,at rest,1351805226,4,yes,right,,,,,,,,yes,Again this would be 4 but the audio was weird so gave it a 4 instead of a 5,nsfw-C7-P1-1351805226_00001_.mp4,2026-09-22T11:14:28Z
64,C7-P1-20260919,C7,at rest,20260919,4,yes,right,,,,,,,,yes,Again this would be 4 but the audio was weird so gave it a 4 instead of a 5,nsfw-C7-P1-20260919_00001_.mp4,2026-09-22T11:14:25Z
65,C7-P2-1351805226,C7,solo,1351805226,5,yes,,right,right,right,,,,,yes,This one is really good especially good job on the penis but the audio is really bad it really is a 4.5.,nsfw-C7-P2-1351805226_00001_.mp4,2026-09-22T11:15:27Z
66,C7-P2-20260919,C7,solo,20260919,4,yes,,right,right,right,,,,,yes,Again this one is really good especially good job on the penis but the audio is really bad it really is a 4.5.,nsfw-C7-P2-20260919_00001_.mp4,2026-09-22T11:15:32Z
67,C7-P2-424242,C7,solo,424242,5,yes,,right,right,right,,,,,yes,,nsfw-C7-P2-424242_00001_.mp4,2026-09-22T15:06:51Z
68,C7-P2-8675309,C7,solo,8675309,5,yes,,right,right,right,,,,,yes,,nsfw-C7-P2-8675309_00001_.mp4,2026-09-22T15:07:11Z
69,C7-P3-31337,C7,buttocks,31337,2,yes,,,,,minor,wrong,right,,yes,,nsfw-C7-P3-31337_00001_.mp4,2026-09-22T15:07:49Z
70,C7-P3-424242,C7,buttocks,424242,4,yes,,,,,right,right,right,,yes,,nsfw-C7-P3-424242_00001_.mp4,2026-09-22T15:08:14Z
71,C7-P3-8675309,C7,buttocks,8675309,3,yes,,,,,right,minor,right,,yes,,nsfw-C7-P3-8675309_00001_.mp4,2026-09-22T15:08:48Z
72,C8-P1-1351805226,C8,at rest,1351805226,5,yes,right,,,,,,,,yes,,nsfw-C8-P1-1351805226_00001_.mp4,2026-09-22T15:09:03Z
73,C8-P1-20260919,C8,at rest,20260919,5,yes,right,,,,,,,,yes,,nsfw-C8-P1-20260919_00001_.mp4,2026-09-22T15:09:19Z
74,C8-P2-1351805226,C8,solo,1351805226,4,yes,,right,right,minor,,,,,yes,,nsfw-C8-P2-1351805226_00001_.mp4,2026-09-22T15:09:54Z
75,C8-P2-20260919,C8,solo,20260919,2,yes,,right,wrong,minor,,,,,yes,,nsfw-C8-P2-20260919_00001_.mp4,2026-09-22T15:10:22Z
76,C8-P2-424242,C8,solo,424242,3,yes,,right,minor,right,,,,,yes,,nsfw-C8-P2-424242_00001_.mp4,2026-09-22T15:10:46Z
77,C8-P2-8675309,C8,solo,8675309,3,yes,,right,minor,right,,,,,yes,,nsfw-C8-P2-8675309_00001_.mp4,2026-09-22T15:11:12Z
78,C8-P3-31337,C8,buttocks,31337,2,yes,,,,,right,wrong,right,,yes,,nsfw-C8-P3-31337_00001_.mp4,2026-09-22T15:11:37Z
79,C8-P3-424242,C8,buttocks,424242,1,yes,,,,,right,wrong,wrong,,yes,,nsfw-C8-P3-424242_00001_.mp4,2026-09-22T15:11:57Z
80,C8-P3-8675309,C8,buttocks,8675309,2,yes,,,,,right,wrong,minor,,yes,,nsfw-C8-P3-8675309_00001_.mp4,2026-09-22T15:12:18Z
81,CH1-1351805226,CH1,film 10 s,1351805226,1,yes,,wrong,wrong,wrong,,,,,yes,,nsfw-CH1-1351805226_00001_.mp4,2026-09-22T15:12:34Z
82,CH2-1351805226,CH2,film 20 s,1351805226,2,yes,,,wrong,wrong,,,,visible,yes,,nsfw-CH2-1351805226_00001_.mp4,2026-09-22T15:13:27Z
83,CH3-1351805226,CH3,film 30 s,1351805226,1,yes,,,wrong,wrong,,,,visible,yes,,nsfw-CH3-1351805226_00001_.mp4,2026-09-22T15:13:51Z

overall,,,,,,,,,,,,,,,,its kinds of hard you pick one because there was just so many.. anyway to narrow them down to the top ones and I can then give you a gut feeling,priority=both,2026-09-22T15:14:43Z
